File,Title,Description_Part1,TOC,Segmentation,Methodology,Publish_Date,Image,Currency,Single Price,Corporate Price,skucode,Total Page,RID,Date,Status,Report_Docs,urlNp,Meta Description,Meta_Key,Base Year,history,Enterprise Price,SEOTITLE,BreadCrumb Text,Schema 1,Schema 2,Sub-Category,Description_Part2
Anti-Caking_Agents_Market.docx,"Anti Caking Agents Market by Application (Detergents, Soaps, Industrial powders, Follows closely); By Region; Segment Revenue Estimation, Forecast, 2024–2030","<h2><strong>Introduction And Strategic Context</strong></h2>
<p style='line-height:1.6'>The <b>Global</b> <b>Anti</b> <b>-</b> <b>Caking Agents Market</b> is poised for steady expansion, with an inferred market size of <b>USD 5.8 billion in 2024</b> and an expected growth to around <b>USD</b> <b>8.7</b> <b>billion by 2030,</b> reflecting a <b>compound annual growth rate (CAGR) of roughly</b> <b>7.1</b> <b>%,</b> according to Strategic Market Research. Anti-caking agents, also referred to as flow agents, are integral additives that prevent powdered and granulated substances from forming lumps, ensuring free-flowing, high-quality products across various industries. From food and beverages to chemicals and fertilizers, their strategic importance continues to grow as manufacturers prioritize product quality, shelf-life, and operational efficiency.</p>
&nbsp;
<p style='line-height:1.6'>Several macro forces are shaping the market trajectory between 2024 and 2030. Rising global demand for processed and convenience foods is driving widespread adoption of anti-caking agents, particularly in regions with expanding urban populations. Regulatory frameworks in Europe, North America, and Asia are evolving to enforce stricter food safety standards, indirectly boosting the demand for compliant additives. Simultaneously, technological advancements in manufacturing processes are increasing the efficiency and effectiveness of anti-caking agents, opening doors for specialized formulations that cater to specific industrial needs.</p>
&nbsp;
<p style='line-height:1.6'>The chemical and mineral-based sectors are witnessing a parallel rise in demand for anti-caking agents. Industries such as salt, sugar, powdered milk, spices, detergents, and fertilizers rely heavily on these additives to maintain product uniformity during storage and transportation. Increasing global trade and longer supply chains further underscore the necessity of these agents to maintain consistency and reduce waste.</p>
&nbsp;
<p style='line-height:1.6'>The stakeholder ecosystem in this market is diverse. Original equipment manufacturers (OEMs) and chemical producers are innovating new formulations and environmentally sustainable variants. Food and beverage companies, along with industrial chemical manufacturers, are critical end users who drive volume. Regulatory bodies and public health agencies ensure safety compliance, and investors are increasingly focusing on high-growth regions such as Asia Pacific and Latin America, where industrialization and urbanization are accelerating product demand.</p>
&nbsp;
<p style='line-height:1.6'>To be honest, the Anti-Caking Agents Market has evolved from a simple additive category to a strategically significant sector. Companies are not merely selling powders; they are providing solutions that optimize production, improve quality, and ensure compliance. With innovation in natural and functional anti-caking agents, digital quality tracking, and sustainable manufacturing, the market is poised to establish a stronger, more resilient footprint by 2030.</p>
&nbsp;
<h2><strong>Market Segmentation And Forecast Scope</strong></h2>
<p style='line-height:1.6'>The Anti-Caking Agents Market spans multiple dimensions, reflecting diverse industrial requirements, product formulations, and regional demand patterns. By segmenting the market, stakeholders can better understand growth drivers, identify high-potential areas, and tailor strategies to specific applications. The key segmentation for the market can be outlined across Product Type, Application, End User, and Region.</p>
<p style='line-height:1.6'><b>By Product Type</b> Anti-caking agents are broadly classified into inorganic, organic, and mixed agents. Inorganic agents, such as silicon dioxide, calcium silicate, and magnesium carbonate, remain widely used due to their cost-effectiveness and broad applicability. Organic agents, often derived from starches or cellulose derivatives, are gaining traction in natural and clean-label formulations, particularly in food and pharmaceuticals. Mixed agents combine the benefits of both types, offering enhanced performance in challenging environmental conditions. In 2024, inorganic anti-caking agents are estimated to hold approximately 45% of the market share, reflecting their longstanding industrial adoption, while organic agents are witnessing faster growth, driven by the clean-label trend.</p>
<p style='line-height:1.6'><b>By Application</b> Anti-caking agents find applications in food & beverages, chemicals, fertilizers, and pharmaceuticals, among others. The food & beverages segment is the largest, accounting for roughly 52% of the market in 2024, largely due to rising demand for powdered and granulated food products like milk powder, salt, sugar, spices, and seasonings. The chemical sector, encompassing detergents, soaps, and industrial powders, follows closely. Pharmaceuticals, although a smaller segment, is increasingly adopting anti-caking agents in powdered formulations to improve stability, shelf-life, and patient compliance.</p>
<p style='line-height:1.6'><b>By End User</b> The market serves a broad spectrum of end users, including food manufacturers, chemical producers, fertilizer companies, and pharmaceutical firms. Food manufacturers dominate in terms of volume, particularly in Asia Pacific and North America, where processed and convenience foods are on the rise. Chemical producers are expanding their usage as production scales up and operational efficiency becomes critical. Pharmaceutical companies are increasingly integrating anti-caking agents into powdered medications and nutritional supplements to ensure uniformity and ease of use.</p>
<p style='line-height:1.6'><b>By Region</b> Geographically, the market is segmented into North America, Europe, Asia Pacific, and LAMEA (Latin America, Middle East & Africa). North America accounts for a significant share, driven by strict food safety regulations and advanced processing infrastructure. Europe follows closely, with demand bolstered by natural and clean-label trends. Asia Pacific represents the fastest-growing region, fueled by industrialization, increasing processed food consumption, and expanding chemical and fertilizer industries. LAMEA, although relatively underpenetrated, is showing steady growth due to rising population, urbanization, and government-backed industrial expansion.</p>
<p style='line-height:1.6'>In terms of forecast scope, organic anti-caking agents and the food & beverages application segment are projected to witness the highest CAGR over the 2024–2030 period. Regionally, Asia Pacific stands out as a strategic growth area, both in volume and innovation adoption, making it a key target for market entrants and investors.</p>
&nbsp;
<h2><strong>Market Trends And Innovation Landscape</strong></h2>
<p style='line-height:1.6'>The Anti-Caking Agents Market is evolving beyond traditional formulations, driven by technological innovations, regulatory pressures, and changing consumer preferences. Over the past few years, manufacturers have shifted focus toward safer, cleaner, and more efficient solutions, creating opportunities for differentiation and higher value in industrial and food applications.</p>
&nbsp;
<p style='line-height:1.6'><b>Sustainability and Clean-Label Initiatives</b> One of the most prominent trends is the rising demand for natural and plant-based anti-caking agents. Consumers are increasingly scrutinizing product labels, prompting manufacturers to replace synthetic agents with naturally derived compounds such as rice starch, cellulose, and calcium stearate. In response, companies are developing functional blends that maintain performance while aligning with clean-label and non-GMO requirements. <i>This shift not only satisfies regulatory demands but also enhances brand trust, especially in the food and pharmaceutical sectors.</i></p>
&nbsp;
<p style='line-height:1.6'><b>Advanced Formulations for Multi-Functional Performance</b> Recent innovation focuses on multi-functional anti-caking agents that combine moisture control, free-flow characteristics, and extended shelf-life in one product. For example, hybrid formulations combining inorganic and organic agents are being optimized to prevent caking in high-humidity environments, particularly in tropical regions or in powdered fertilizers and chemicals. These developments allow manufacturers to reduce production losses, improve storage efficiency, and maintain consistent product quality.</p>
&nbsp;
<p style='line-height:1.6'><b>Technological Integration in Production Processes</b> Manufacturers are increasingly leveraging process engineering to enhance the performance of anti-caking agents. Micro-encapsulation, spray drying, and nano-particle technologies are being applied to produce agents with controlled release, improved solubility, and superior anti-caking efficiency. <i>Companies experimenting with these technologies report fewer clumping issues and reduced additive consumption, which translates to cost savings and operational efficiency.</i></p>
&nbsp;
<p style='line-height:1.6'><b>Regulatory-Driven Innovations</b> Stricter regulations around food safety and chemical handling have accelerated innovation in the market. In Europe and North America, agencies are emphasizing additive transparency, permissible limits, and labeling compliance. As a result, manufacturers are designing products that are not only effective but also compliant with evolving standards. For example, anti-caking agents with lower residual metals and improved purity are gaining traction in both food and pharmaceutical applications.</p>
&nbsp;
<p style='line-height:1.6'><b>Collaborations and Strategic Partnerships</b> Research partnerships between additive manufacturers and food or chemical companies are becoming common to create application-specific solutions. Several players are engaging in joint development agreements to optimize anti-caking performance for specialized powders, such as high-protein supplements or moisture-sensitive fertilizers. <i>These collaborations allow faster commercialization of innovative solutions and help capture niche markets.</i></p>
&nbsp;
<p style='line-height:1.6'><b>Emerging Trends in Digital Quality Monitoring</b> Some forward-looking companies are integrating digital monitoring tools to track powder flow and caking tendencies in real time during production. <i>This approach enables predictive maintenance, minimizes downtime, and ensures consistent quality across large batches.</i> While still in early adoption, such smart manufacturing techniques are poised to redefine operational standards for industrial-scale anti-caking applications.</p>
<p style='line-height:1.6'>Overall, the innovation landscape for anti-caking agents reflects a combination of sustainability, process optimization, and regulatory compliance. Future market leaders are likely to differentiate themselves through natural formulations, multi-functional efficiency, and integration with advanced production technologies, ensuring that both industrial and food applications maintain optimal performance and safety.</p>
&nbsp;
<h2><strong>Competitive Intelligence And Benchmarking</strong></h2>
<p style='line-height:1.6'>The Anti-Caking Agents Market is moderately consolidated, with several global and regional players leveraging innovation, strategic partnerships, and distribution networks to capture market share. Competitive dynamics revolve around product differentiation, cost efficiency, regulatory compliance, and application-specific solutions.</p>
&nbsp;
<p style='line-height:1.6'><b>Tate & Lyle</b> Tate & Lyle has positioned itself as a leading player through a diverse portfolio of natural and synthetic anti-caking agents. The company emphasizes clean-label solutions for food and beverage applications, catering to rising consumer demand for transparency and safety. Globally, Tate & Lyle has expanded its reach through strategic partnerships with regional food manufacturers, enhancing both distribution and adoption.</p>
&nbsp;
<p style='line-height:1.6'><b>Cargill, Incorporated</b> Cargill focuses on customized anti-caking formulations for industrial and food applications. Their strategy combines innovation in starch-based and functional blends with strong technical support for end users. <i>The company’s R&D initiatives focus on optimizing flow properties and moisture control, which helps differentiate its offerings in competitive sectors like powdered dairy, salt, and seasonings.</i></p>
&nbsp;
<p style='line-height:1.6'><b>Brenntag AG</b> Brenntag operates primarily as a distributor but plays a strategic role in the market through supply chain integration and customer-focused solutions. By offering a wide range of anti-caking agents sourced from leading chemical producers, Brenntag ensures regional availability and compliance with local regulations. Their reach spans Europe, North America, and Asia Pacific, making them a critical link between manufacturers and end users.</p>
&nbsp;
<p style='line-height:1.6'><b>Ashland Global Holdings Inc.</b> Ashland emphasizes specialty formulations for pharmaceuticals, food, and chemical applications. They focus on high-performance agents that deliver moisture control, enhanced solubility, and regulatory compliance. <i>Their strategy integrates application support and technical consultation, positioning them as a value-added supplier rather than just a chemical vendor.</i></p>
&nbsp;
<p style='line-height:1.6'><b>Imerys</b> <b>SA</b> Imerys has carved a niche in mineral-based anti-caking agents such as calcium silicate and talc derivatives. Their global network allows for consistent supply to food, chemical, and fertilizer industries. Imerys differentiates itself through high-purity, certified products, which appeal to stringent quality and safety requirements.</p>
&nbsp;
<p style='line-height:1.6'><b>Overview of Competitive Dynamics</b> The market’s competitive intensity is influenced by product performance, sustainability, and regulatory alignment. Global players dominate in high-volume food and chemical applications, whereas smaller, regional players compete on cost and specialty applications. Partnerships between additive manufacturers and industrial producers are increasingly common, enabling faster innovation cycles and customized solutions. <i>Price competition exists, but end users prioritize effectiveness, compliance, and ease of integration over cost alone.</i></p>
<p style='line-height:1.6'>In essence, the Anti-Caking Agents Market rewards players who combine technical expertise, regulatory adherence, and application-specific innovation. Companies focusing on natural formulations, high-performance blends, and strategic partnerships are poised to strengthen their position as the market grows through 2030.</p>
&nbsp;
<h2><strong>Regional Landscape And Adoption Outlook</strong></h2>
<p style='line-height:1.6'>The Anti-Caking Agents Market demonstrates significant geographic variation, driven by industrial development, regulatory environments, and consumption patterns. Regional adoption reflects both market maturity and emerging opportunities, with North America and Europe leading in innovation while Asia Pacific captures growth momentum.</p>
&nbsp;
<p style='line-height:1.6'><b>North America</b> North America remains a mature market, characterized by strict regulatory oversight and high-quality manufacturing standards. The United States and Canada are key markets where food safety regulations and clean-label trends are accelerating the adoption of natural and multi-functional anti-caking agents. Industrial applications in powdered chemicals and fertilizers are also growing steadily, supported by advanced processing infrastructure and a focus on operational efficiency. <i>The region benefits from strong R&D capabilities and partnerships between additive manufacturers and food/chemical producers, reinforcing innovation and market penetration.</i></p>
&nbsp;
<p style='line-height:1.6'><b>Europe</b> Europe exhibits robust adoption driven by stringent food additive regulations, environmental compliance requirements, and a strong preference for natural ingredients. Countries like Germany, France, and the UK lead in implementing advanced anti-caking solutions in processed foods, pharmaceuticals, and specialty chemicals. Regulatory frameworks such as EFSA (European Food Safety Authority) guidelines ensure that additives meet high safety standards, which encourages manufacturers to innovate with safer, multifunctional agents. Eastern European nations are gradually adopting these solutions, but infrastructure gaps and lower awareness result in slower growth compared to Western Europe.</p>
&nbsp;
<p style='line-height:1.6'><b>Asia Pacific</b> Asia Pacific represents the fastest-growing region for anti-caking agents, propelled by urbanization, industrialization, and rising consumption of processed foods. China and India dominate the regional demand due to large-scale food processing, chemical production, and expanding fertilizer industries. <i>Manufacturers in the region are increasingly exploring clean-label and natural agents to cater to health-conscious consumers, while high humidity and long storage conditions in tropical areas make anti-caking solutions essential.</i> Southeast Asian markets are also emerging as strategic hubs for both production and consumption, attracting global players seeking volume-driven growth.</p>
&nbsp;
<p style='line-height:1.6'><b>LAMEA (Latin America, Middle East & Africa)</b> LAMEA remains underpenetrated but presents long-term growth potential. Brazil and Mexico are leading markets in Latin America, adopting anti-caking agents for sugar, salt, and dairy powders. The Middle East, particularly the UAE and Saudi Arabia, is investing in food processing infrastructure and industrial chemical production, creating new demand. Africa, however, lags in adoption due to limited industrial scale and lower regulatory enforcement. <i>Public-private initiatives and growing awareness are gradually creating opportunities, especially for powdered fertilizers and processed foods.</i></p>
&nbsp;
<p style='line-height:1.6'><b>White Space and Strategic Insights</b> While North America and Europe remain innovation centers , Asia Pacific is the volume-driven growth engine, and LAMEA represents an emerging frontier. Companies that can offer cost-effective, multi-functional, and regulatory-compliant solutions are well-positioned to capture these markets. Investment in technical support, local partnerships, and distribution networks will be critical to overcoming barriers in underpenetrated regions, particularly Africa and parts of Latin America.</p>
<p style='line-height:1.6'>The regional landscape highlights that growth is not uniform. Success depends on understanding local consumption patterns, climatic challenges, and regulatory requirements, which directly impact product adoption and market share through 2030.</p>
&nbsp;
<h2><strong>End-User Dynamics And Use Case</strong></h2>
<p style='line-height:1.6'>The Anti-Caking Agents Market serves a broad range of end users across food, chemical, fertilizer, and pharmaceutical industries. Adoption patterns vary depending on operational requirements, regulatory standards, and the complexity of the products being manufactured. Understanding end-user dynamics is crucial for suppliers seeking targeted strategies and high-value partnerships.</p>
&nbsp;
<p style='line-height:1.6'><b>Food Manufacturers</b> Food manufacturers are the largest consumers of anti-caking agents. They utilize these additives in products such as powdered milk, sugar, salt, spices, seasonings, and protein powders. Adoption is driven by the need to maintain free-flowing powders, prevent clumping during storage and transportation, and extend shelf life. High-volume manufacturers prioritize agents that offer multi-functional benefits—such as moisture control and flow enhancement—without compromising taste or safety. <i>With increasing consumer focus on clean-label and natural ingredients, end users are now seeking plant-based and non-GMO anti-caking solutions.</i></p>
&nbsp;
<p style='line-height:1.6'><b>Chemical Producers</b> The chemical industry, including detergents, soaps, and industrial powders, relies on anti-caking agents to maintain product consistency and prevent manufacturing disruptions. These industries often require high-performance formulations capable of resisting caking under high-humidity conditions. <i>For chemical producers, reducing downtime and ensuring uniformity is critical, making effective anti-caking agents an integral part of production efficiency strategies.</i></p>
&nbsp;
<p style='line-height:1.6'><b>Fertilizer Companies</b> Fertilizer manufacturers adopt anti-caking agents to prevent clumping of granular fertilizers during storage and transport. This ensures accurate dosing, reduces wastage, and facilitates better application in agricultural fields. In tropical climates or regions with high humidity, the role of anti-caking agents becomes even more crucial. <i>Companies investing in multi-functional agents for fertilizers report higher customer satisfaction due to improved ease of use and reduced product losses.</i></p>
&nbsp;
<p style='line-height:1.6'><b>Pharmaceutical Firms</b> Pharmaceutical end users incorporate anti-caking agents in powdered medications, nutritional supplements, and excipients. The primary objective is to enhance flowability, ensure dosage consistency, and maintain stability during storage. While the market volume is smaller than food or chemicals, the pharmaceutical sector demands higher purity, regulatory compliance, and documentation, providing opportunities for specialized suppliers.</p>
&nbsp;
<p style='line-height:1.6'><b>Use Case Highlight</b> A mid-sized powdered dairy manufacturer in India faced recurring issues with clumping during the monsoon season, resulting in significant product loss and operational inefficiency. The company partnered with a specialty anti-caking agent supplier to implement a customized, moisture-resistant formulation. <i>This intervention improved powder flow during processing and packaging, reduced wastage by nearly 25%, and allowed the manufacturer to maintain consistent product quality across batches, leading to increased operational efficiency and higher customer satisfaction.</i></p>
<p style='line-height:1.6'>Overall, end-user adoption is driven by operational efficiency, product quality, and regulatory compliance. Suppliers that can offer tailored, high-performance, and regulatory-compliant solutions are better positioned to strengthen relationships with key industrial customers across multiple regions.</p>
&nbsp;
<h2><strong>Recent Developments + Opportunities & Restraints</strong></h2>
<p style='line-height:1.6'><b>Recent Developments (Last 2 Years)</b></p>
<ul>
<li><p><b>Tate & Lyle</b> introduced a new plant-based anti-caking agent line in 2024 targeting clean-label food applications in Europe and North America.</p></li>
<li><p><b>Cargill, Incorporated</b> launched a moisture-resistant anti-caking blend for powdered dairy and spice products in 2023, optimized for tropical climates.</p></li>
<li><p><b>Imerys</b> <b>SA</b> expanded its production facility in Asia Pacific in 2024 to meet rising demand for mineral-based anti-caking agents in food, chemicals, and fertilizers.</p></li>
<li><p><b>Ashland Global Holdings Inc.</b> collaborated with a pharmaceutical manufacturer in 2023 to develop high-purity anti-caking formulations for powdered medications.</p></li>
<li><p><b>Brenntag AG</b> established a strategic distribution network across Southeast Asia in 2024, improving accessibility of anti-caking agents for food and chemical manufacturers.</p></li>
</ul>
&nbsp;
<h2><strong>Opportunities</strong></h2>
<ul>
<li><p><b>Emerging Markets</b> : Rapid urbanization, industrialization, and rising processed food consumption in Asia Pacific and LAMEA present high-growth potential.</p></li>
<li><p><b>Clean-Label and Natural Formulations</b> : Rising consumer preference for plant-based and non-GMO products creates demand for organic anti-caking agents.</p></li>
<li><p><b>Technological Advancements</b> : Multi-functional formulations, moisture-resistant blends, and nano-encapsulation technologies offer opportunities to enhance product efficiency and differentiation.</p></li>
</ul>
&nbsp;
<h2><strong>Restraints</strong></h2>
<ul>
<li><p><b>Regulatory Compliance</b> : Varying standards across regions can slow down product approval and adoption, especially for food and pharmaceutical applications.</p></li>
<li><p><b>High Cost of Specialty Agents</b> : Advanced and natural anti-caking agents are costlier than traditional formulations, which can limit adoption in price-sensitive markets</p></li>
</ul>

<h2><strong>7.1. Report Coverage Table</strong></h2>

<table cellspacing=0 style='border-collapse:collapse; width:100%'>
        <tbody>
            <tr>
                <td style='background-color:#4472c4; border-bottom:1px solid #4472c4; border-left:1px solid #4472c4; border-right:none; border-top:1px solid #4472c4; vertical-align:top; width:195px'>
                <p><strong>Report Attribute</strong></p>
                </td>
                <td style='background-color:#4472c4; border-bottom:1px solid #4472c4; border-left:none; border-right:1px solid #4472c4; border-top:1px solid #4472c4; vertical-align:top; width:370px'>
                <p><strong>Details</strong></p>
                </td>
            </tr>
            <tr>
                <td style='background-color:#d9e2f3; border-bottom:1px solid #8eaadb; border-left:1px solid #8eaadb; border-right:1px solid #8eaadb; border-top:none; vertical-align:top; width:195px'>
                <p><strong>Forecast Period</strong></p>
                </td>
                <td style='background-color:#d9e2f3; border-bottom:1px solid #8eaadb; border-left:none; border-right:1px solid #8eaadb; border-top:none; vertical-align:top; width:370px'>
                <p><strong>2024 – 2030</strong></p>
                </td>
            </tr>
            <tr>
                <td style='border-bottom:1px solid #8eaadb; border-left:1px solid #8eaadb; border-right:1px solid #8eaadb; border-top:none; vertical-align:top; width:195px'>
                <p><strong>Market Size Value in 2024</strong></p>
                </td>
                <td style='border-bottom:1px solid #8eaadb; border-left:none; border-right:1px solid #8eaadb; border-top:none; vertical-align:top; width:370px'>
                <p><strong>USD 5.8 Billion</strong></p>
                </td>
            </tr>
            <tr>
                <td style='background-color:#d9e2f3; border-bottom:1px solid #8eaadb; border-left:1px solid #8eaadb; border-right:1px solid #8eaadb; border-top:none; vertical-align:top; width:195px'>
                <p><strong>Revenue Forecast in 2030</strong></p>
                </td>
                <td style='background-color:#d9e2f3; border-bottom:1px solid #8eaadb; border-left:none; border-right:1px solid #8eaadb; border-top:none; vertical-align:top; width:370px'>
                <p><strong>USD 8.7 Billion</strong></p>
                </td>
            </tr>
            <tr>
                <td style='border-bottom:1px solid #8eaadb; border-left:1px solid #8eaadb; border-right:1px solid #8eaadb; border-top:none; vertical-align:top; width:195px'>
                <p><strong>Overall Growth Rate</strong></p>
                </td>
                <td style='border-bottom:1px solid #8eaadb; border-left:none; border-right:1px solid #8eaadb; border-top:none; vertical-align:top; width:370px'>
                <p><strong>CAGR of 7.1% (2024 – 2030)</strong></p>
                </td>
            </tr>
            <tr>
                <td style='background-color:#d9e2f3; border-bottom:1px solid #8eaadb; border-left:1px solid #8eaadb; border-right:1px solid #8eaadb; border-top:none; vertical-align:top; width:195px'>
                <p><strong>Base Year for Estimation</strong></p>
                </td>
                <td style='background-color:#d9e2f3; border-bottom:1px solid #8eaadb; border-left:none; border-right:1px solid #8eaadb; border-top:none; vertical-align:top; width:370px'>
                <p><strong>2024</strong></p>
                </td>
            </tr>
            <tr>
                <td style='border-bottom:1px solid #8eaadb; border-left:1px solid #8eaadb; border-right:1px solid #8eaadb; border-top:none; vertical-align:top; width:195px'>
                <p><strong>Historical Data</strong></p>
                </td>
                <td style='border-bottom:1px solid #8eaadb; border-left:none; border-right:1px solid #8eaadb; border-top:none; vertical-align:top; width:370px'>
                <p><strong>2019 – 2023</strong></p>
                </td>
            </tr>
            <tr>
                <td style='background-color:#d9e2f3; border-bottom:1px solid #8eaadb; border-left:1px solid #8eaadb; border-right:1px solid #8eaadb; border-top:none; vertical-align:top; width:195px'>
                <p><strong>Unit</strong></p>
                </td>
                <td style='background-color:#d9e2f3; border-bottom:1px solid #8eaadb; border-left:none; border-right:1px solid #8eaadb; border-top:none; vertical-align:top; width:370px'>
                <p><strong>USD Million, CAGR (2024 – 2030)</strong></p>
                </td>
            </tr>
            <tr>
                <td style='border-bottom:1px solid #8eaadb; border-left:1px solid #8eaadb; border-right:1px solid #8eaadb; border-top:none; vertical-align:top; width:195px'>
                <p><strong>Segmentation</strong></p>
                </td>
                <td style='border-bottom:1px solid #8eaadb; border-left:none; border-right:1px solid #8eaadb; border-top:none; vertical-align:top; width:370px'>
                <p><strong>By Product Type, By Application, By End User, By Geography</strong></p>
                </td>
            </tr>
            <tr>
                <td style='background-color:#d9e2f3; border-bottom:1px solid #8eaadb; border-left:1px solid #8eaadb; border-right:1px solid #8eaadb; border-top:none; vertical-align:top; width:195px'>
                <p><strong>By Product Type</strong></p>
                </td>
                <td style='background-color:#d9e2f3; border-bottom:1px solid #8eaadb; border-left:none; border-right:1px solid #8eaadb; border-top:none; vertical-align:top; width:370px'>
                <p><strong>Inorganic, Organic, Mixed Agents</strong></p>
                </td>
            </tr>
            <tr>
                <td style='border-bottom:1px solid #8eaadb; border-left:1px solid #8eaadb; border-right:1px solid #8eaadb; border-top:none; vertical-align:top; width:195px'>
                <p><strong>By Application</strong></p>
                </td>
                <td style='border-bottom:1px solid #8eaadb; border-left:none; border-right:1px solid #8eaadb; border-top:none; vertical-align:top; width:370px'>
                <p><strong>Food & Beverages, Chemicals, Fertilizers, Pharmaceuticals, Others</strong></p>
                </td>
            </tr>
            <tr>
                <td style='background-color:#d9e2f3; border-bottom:1px solid #8eaadb; border-left:1px solid #8eaadb; border-right:1px solid #8eaadb; border-top:none; vertical-align:top; width:195px'>
                <p><strong>By End User</strong></p>
                </td>
                <td style='background-color:#d9e2f3; border-bottom:1px solid #8eaadb; border-left:none; border-right:1px solid #8eaadb; border-top:none; vertical-align:top; width:370px'>
                <p><strong>Food Manufacturers, Chemical Producers, Fertilizer Companies, Pharmaceutical Firms</strong></p>
                </td>
            </tr>
            <tr>
                <td style='border-bottom:1px solid #8eaadb; border-left:1px solid #8eaadb; border-right:1px solid #8eaadb; border-top:none; vertical-align:top; width:195px'>
                <p><strong>By Region</strong></p>
                </td>
                <td style='border-bottom:1px solid #8eaadb; border-left:none; border-right:1px solid #8eaadb; border-top:none; vertical-align:top; width:370px'>
                <p><strong>North America, Europe, Asia-Pacific, LAMEA</strong></p>
                </td>
            </tr>
            <tr>
                <td style='background-color:#d9e2f3; border-bottom:1px solid #8eaadb; border-left:1px solid #8eaadb; border-right:1px solid #8eaadb; border-top:none; vertical-align:top; w","
<strong>Executive Summary</strong>
<ul>
<li><p>Market Overview</p></li>
<li><p>Market Attractiveness by Product Type, Application, End User, and Region</p></li>
<li><p>Strategic Insights from Key Executives (CXO Perspective)</p></li>
<li><p>Historical Market Size and Future Projections (2019–2030)</p></li>
<li><p>Summary of Market Segmentation by Product Type, Application, End User, and Region</p></li>
</ul>

<strong>Market Share Analysis</strong>
<ul>
<li><p>Leading Players by Revenue and Market Share</p></li>
<li><p>Market Share Analysis by Product Type, Application, and End User</p></li>
</ul>

<strong>Investment Opportunities in the Anti-Caking Agents Market</strong>
<ul>
<li><p>Key Developments and Innovations</p></li>
<li><p>Mergers, Acquisitions, and Strategic Partnerships</p></li>
<li><p>High-Growth Segments for Investment</p></li>
</ul>

<strong>Market Introduction</strong>
<ul>
<li><p>Definition and Scope of the Study</p></li>
<li><p>Market Structure and Key Findings</p></li>
<li><p>Overview of Top Investment Pockets</p></li>
</ul>

<strong>Research Methodology</strong>
<ul>
<li><p>Research Process Overview</p></li>
<li><p>Primary and Secondary Research Approaches</p></li>
<li><p>Market Size Estimation and Forecasting Techniques</p></li>
</ul>

<strong>Market Dynamics</strong>
<ul>
<li><p>Key Market Drivers</p></li>
<li><p>Challenges and Restraints Impacting Growth</p></li>
<li><p>Emerging Opportunities for Stakeholders</p></li>
<li><p>Impact of Behavioral and Regulatory Factors</p></li>
<li><p>Technological Advances in Anti-Caking Agents</p></li>
</ul>

<strong>Global Anti-Caking Agents Market Analysis</strong>
<ul>
<li><p>Historical Market Size and Volume (2019–2023)</p></li>
<li><p>Market Size and Volume Forecasts (2024–2030)</p></li>
<li><p><b>Market Analysis by Product Type:</b></p></li>
<li><p>Inorganic</p></li>
<li><p>Organic</p></li>
<li><p>Mixed Agents</p></li>
<li><p><b>Market Analysis by Application:</b></p></li>
<li><p>Food & Beverages</p></li>
<li><p>Chemicals</p></li>
<li><p>Fertilizers</p></li>
<li><p>Pharmaceuticals</p></li>
<li><p>Others</p></li>
</ul>
<ul>
<li><p><strong><b>Market Analysis by End User</b> :</strong></p>
<ul>
</ul>
</li>
<li><p>Food Manufacturers</p></li>
<li><p>Chemical Producers</p></li>
<li><p>Fertilizer Companies</p></li>
<li><p>Pharmaceutical Firms</p></li>
<li><p><b>Market Analysis by Region:</b></p></li>
<li><p>North America</p></li>
<li><p>Europe</p></li>
<li><p>Asia-Pacific</p></li>
<li><p>Latin America</p></li>
<li><p>Middle East & Africa</p></li>
</ul>

<strong>Regional Market Analysis</strong>
<ul>
<li><p><b>North America Anti-Caking Agents Market</b></p></li>
<li><p>Historical Market Size and Volume (2019–2023)</p></li>
<li><p>Market Size and Volume Forecasts (2024–2030)</p></li>
<li><p>Market Analysis by Product Type, Application, and End User</p></li>
<li><p>Country-Level Breakdown: United States, Canada, Mexico</p></li>
<li><p><b>Europe Anti-Caking Agents Market</b></p></li>
<li><p>Historical Market Size and Volume (2019–2023)</p></li>
<li><p>Market Size and Volume Forecasts (2024–2030)</p></li>
<li><p>Market Analysis by Product Type, Application, and End User</p></li>
<li><p>Country-Level Breakdown: Germany, UK, France, Italy, Spain, Rest of Europe</p></li>
<li><p><b>Asia-Pacific Anti-Caking Agents Market</b></p></li>
<li><p>Historical Market Size and Volume (2019–2023)</p></li>
<li><p>Market Size and Volume Forecasts (2024–2030)</p></li>
<li><p>Market Analysis by Product Type, Application, and End User</p></li>
<li><p>Country-Level Breakdown: China, India, Japan, South Korea, Rest of Asia-Pacific</p></li>
<li><p><b>Latin America Anti-Caking Agents Market</b></p></li>
<li><p>Historical Market Size and Volume (2019–2023)</p></li>
<li><p>Market Size and Volume Forecasts (2024–2030)</p></li>
<li><p>Market Analysis by Product Type, Application, and End User</p></li>
<li><p>Country-Level Breakdown: Brazil, Argentina, Rest of Latin America</p></li>
<li><p><b>Middle East & Africa Anti-Caking Agents Market</b></p></li>
<li><p>Historical Market Size and Volume (2019–2023)</p></li>
<li><p>Market Size and Volume Forecasts (2024–2030)</p></li>
<li><p>Market Analysis by Product Type, Application, and End User</p></li>
<li><p>Country-Level Breakdown: GCC Countries, South Africa, Rest of Middle East & Africa</p></li>
</ul>

<strong>Key Players and Competitive Analysis</strong>
<ul>
<li><p>Tate & Lyle</p></li>
<li><p>Cargill, Incorporated</p></li>
<li><p>Imerys SA</p></li>
<li><p>Ashland Global Holdings Inc.</p></li>
<li><p>Brenntag AG</p></li>
</ul>

<strong>Appendix</strong>
<ul>
<li><p>Abbreviations and Terminologies Used in the Report</p></li>
<li><p>References and Sources</p></li>
</ul>

<strong>List of Tables</strong>
<ul>
<li><p>Market Size by Product Type, Application, End User, and Region (2024–2030)</p></li>
<li><p>Regional Market Breakdown by Segment Type (2024–2030)</p></li>
</ul>

<strong>List of Figures</strong>
<ul>
<li><p>Market Dynamics: Drivers, Restraints, Opportunities, and Challenges</p></li>
<li><p>Regional Market Snapshot for Key Regions</p></li>
<li><p>Competitive Landscape and Market Share Analysis</p></li>
<li><p>Growth Strategies Adopted by Key Players</p></li>
<li><p>Market Share by Product Type, Application, and End User (2024 vs. 2030)</p></li>
</ul>",<p>.</p>,"<p><strong>Q1: How big is the Anti-Caking Agents Market?</strong><br>A1: The global Anti-Caking Agents Market is valued at USD 5.8 billion in 2024.</p>
<p><strong>Q2: What is the CAGR for the forecast period?</strong><br>A2: The market is expected to grow at a CAGR of 7.1% from 2024 to 2030.</p>
<p><strong>Q3: Who are the major players in the Anti-Caking Agents Market?</strong><br>A3: Leading players include Tate &amp; Lyle, Cargill, Imerys SA, Ashland Global Holdings Inc., and Brenntag AG.</p>
<p><strong>Q4: Which region dominates the market share?</strong><br>A4: North America leads due to established food safety regulations, advanced processing infrastructure, and strong industrial adoption.</p>
<p><strong>Q5: What factors are driving growth in the market?</strong><br>A5: Growth is fueled by rising processed food consumption, expanding chemical and fertilizer industries, and demand for clean-label and multi-functional anti-caking solutions.</p>",JAN-2026,,USD,4485,6449,anti caking agents market,168,,28-01-2026,IN,,anti caking agents market,"The Global Anti-Caking Agents Market is poised for steady expansion, with an inferred market size of USD 5.8 billion in 2024 and an expected growth to around USD 8.7 billion by 2030, reflecting a compound annual growth rate (CAGR) of roughly 7.1%, according to Strategic Market Research. Anti-caking agents, also referred to as flow agents, are integral additives that prevent powdered and granulated substances from forming lumps, ensuring free-flowing, high-quality products across various industries. From food and beverages to chemicals and fertilizers, their strategic importance continues to grow as manufacturers prioritize product quality, shelf-life, and operational efficiency.",.,2024,2019-2023,8339,Anti-Caking_Agents_Market Size ($ 8.7 Billion) 2030,Anti-Caking_Agents_Market Report 2030,"{
  ""@context"": ""https://schema.org"",
  ""@type"": ""BreadcrumbList"",
  ""itemListElement"": [
    {
      ""@type"": ""ListItem"",
      ""position"": 1,
      ""name"": ""Home"",
      ""item"": ""https://www.strategicmarketresearch.com/""
    },
    {
      ""@type"": ""ListItem"",
      ""position"": 2,
      ""name"": ""Packaged And Processed Foods"",
      ""item"": ""https://www.strategicmarketresearch.com/report/packaged-and-processed-foods""
    },
    {
      ""@type"": ""ListItem"",
      ""position"": 3,
      ""name"": ""Anti-Caking Agents Market Report 2030"",
      ""item"": ""https://www.strategicmarketresearch.com/market-report/anti-caking-agents-market""
    }
  ]
}","{
  ""@context"": ""https://schema.org"",
  ""@type"": ""FAQPage"",
  ""mainEntity"": [
    {
      ""@type"": ""Question"",
      ""name"": ""How big is the Anti-Caking Agents Market?"",
      ""acceptedAnswer"": {
        ""@type"": ""Answer"",
        ""text"": ""The global Anti-Caking Agents Market is valued at USD 5.8 billion in 2024.""
      }
    },
    {
      ""@type"": ""Question"",
      ""name"": ""What is the CAGR for the forecast period?"",
      ""acceptedAnswer"": {
        ""@type"": ""Answer"",
        ""text"": ""The market is expected to grow at a CAGR of 7.1% from 2024 to 2030.""
      }
    },
    {
      ""@type"": ""Question"",
      ""name"": ""Who are the major players in the Anti-Caking Agents Market?"",
      ""acceptedAnswer"": {
        ""@type"": ""Answer"",
        ""text"": ""Leading players include Tate & Lyle, Cargill, Imerys SA, Ashland Global Holdings Inc., and Brenntag AG.""
      }
    },
    {
      ""@type"": ""Question"",
      ""name"": ""Which region dominates the market share?"",
      ""acceptedAnswer"": {
        ""@type"": ""Answer"",
        ""text"": ""North America leads due to established food safety regulations, advanced processing infrastructure, and strong industrial adoption.""
      }
    },
    {
      ""@type"": ""Question"",
      ""name"": ""What factors are driving growth in the market?"",
      ""acceptedAnswer"": {
        ""@type"": ""Answer"",
        ""text"": ""Growth is fueled by rising processed food consumption, expanding chemical and fertilizer industries, and demand for clean-label and multi-functional anti-caking solutions.""
      }
    }
  ]
}",,"idth:195px'>
                <p><strong>Country Scope</strong></p>
                </td>
                <td style='background-color:#d9e2f3; border-bottom:1px solid #8eaadb; border-left:none; border-right:1px solid #8eaadb; border-top:none; vertical-align:top; width:370px'>
                <p><strong>U.S., Canada, Germany, UK, France, China, India, Japan, Brazil, Others</strong></p>
                </td>
            </tr>
            <tr>
                <td style='border-bottom:1px solid #8eaadb; border-left:1px solid #8eaadb; border-right:1px solid #8eaadb; border-top:none; vertical-align:top; width:195px'>
                <p><strong>Market Drivers</strong></p>
                </td>
                <td style='border-bottom:1px solid #8eaadb; border-left:none; border-right:1px solid #8eaadb; border-top:none; vertical-align:top; width:370px'>
                <p><strong>- Growing processed food and convenience product demand 
- Rising industrial chemical and fertilizer production 
- Regulatory emphasis on product quality and safety</strong></p>
                </td>
            </tr>
            <tr>
                <td style='background-color:#d9e2f3; border-bottom:1px solid #8eaadb; border-left:1px solid #8eaadb; border-right:1px solid #8eaadb; border-top:none; vertical-align:top; width:195px'>
                <p><strong>Customization Option</strong></p>
                </td>
                <td style='background-color:#d9e2f3; border-bottom:1px solid #8eaadb; border-left:none; border-right:1px solid #8eaadb; border-top:none; vertical-align:top; width:370px'>
                <p><strong>Available upon request</strong></p>
                </td>
            </tr>
        </tbody>
</table>"
